id,facility_code,name,type,facility_type,status,capacity,availability_start,availability_end,brand,model,serial_number,av_enabled,catering_allowed,wheelchair_accessible
4549ff78-0e13-41b8-9a21-e8c53672ad21,AUD-01,Auditorium 1,AUDITORIUM,AUDITORIUM,ACTIVE,201,08:00:00,22:00:00,Performance,,,,,
d83b4f5a-258f-4904-9a4e-75d47ffc0f97,AUD-02,Auditorium 2,AUDITORIUM,AUDITORIUM,ACTIVE,202,08:00:00,22:00:00,Performance,,,,,
3c186431-8fcc-45fc-aaee-11317cecd626,AUD-03,Auditorium 3,AUDITORIUM,AUDITORIUM,ACTIVE,203,08:00:00,22:00:00,Performance,,,,,
1eef11be-ce4a-4be8-9bd6-418f597beead,AUD-04,Auditorium 4,AUDITORIUM,AUDITORIUM,ACTIVE,204,08:00:00,22:00:00,Performance,,,,,
9f1992dc-6bb1-4bdc-9f09-01025e71ea10,AUD-05,Auditorium 5,AUDITORIUM,AUDITORIUM,ACTIVE,205,08:00:00,22:00:00,Performance,,,,,
e71667eb-b05e-49ce-bd16-2534ee91fbc6,AUD-06,Auditorium 6,AUDITORIUM,AUDITORIUM,ACTIVE,206,08:00:00,22:00:00,Performance,,,,,
4f92f751-5f15-4273-9318-b720a3b6a05a,AUD-07,Auditorium 7,AUDITORIUM,AUDITORIUM,ACTIVE,207,08:00:00,22:00:00,Performance,,,,,
6615a285-a513-47a9-b236-443728ad4bfc,AUD-08,Auditorium 8,AUDITORIUM,AUDITORIUM,ACTIVE,208,08:00:00,22:00:00,Performance,,,,,
eecf3d0a-5a25-459f-861e-22e883fe6231,AUD-09,Auditorium 9,AUDITORIUM,AUDITORIUM,ACTIVE,209,08:00:00,22:00:00,Performance,,,,,
77c23d2e-8126-4960-98ad-d7c51f9809a1,AUD-10,Auditorium 10,AUDITORIUM,AUDITORIUM,ACTIVE,210,08:00:00,22:00:00,Performance,,,,,
cea2cab9-69cc-4e4d-a038-491625f4792c,AUD-11,Auditorium 11,AUDITORIUM,AUDITORIUM,ACTIVE,211,08:00:00,22:00:00,Performance,,,,,
358c23ce-8309-4f9e-968b-a495f7e56c3f,AUD-12,Auditorium 12,AUDITORIUM,AUDITORIUM,ACTIVE,212,08:00:00,22:00:00,Performance,,,,,
0744495b-eb8c-4563-bfbd-c2686101772d,AUD-13,Auditorium 13,AUDITORIUM,AUDITORIUM,ACTIVE,213,08:00:00,22:00:00,Performance,,,,,
0cccc9ca-3aca-41f5-848a-f7ccf095d134,AUD-14,Auditorium 14,AUDITORIUM,AUDITORIUM,ACTIVE,214,08:00:00,22:00:00,Performance,,,,,
29656f05-2ed0-41d6-adee-99e7e7c812df,AUD-15,Auditorium 15,AUDITORIUM,AUDITORIUM,ACTIVE,215,08:00:00,22:00:00,Performance,,,,,
bbbbbbbb-bbbb-bbbb-bbbb-bbbbbbbbbbb2,AUD-MAIN,Main Auditorium,LECTURE_HALL,LECTURE_HALL,ACTIVE,500,07:00:00,22:00:00,N/A,,,t,t,t
53a5f01f-3d0c-4810-91a5-0e3734bdde8b,EQP-001,Equipment 1,EQUIPMENT,EQUIPMENT,ACTIVE,5,07:00:00,19:00:00,Canon,,,,,
d1b224b1-5e51-4966-a774-5a72e7c0599a,EQP-002,Equipment 2,EQUIPMENT,EQUIPMENT,ACTIVE,10,07:00:00,19:00:00,Nikon,,,,,
2b7ee25f-040f-495e-938f-2fcae319f965,EQP-003,Equipment 3,EQUIPMENT,EQUIPMENT,ACTIVE,1,07:00:00,19:00:00,Panasonic,,,,,
81caba6d-0b87-4ad9-aa42-b0d1aed1aacd,EQP-004,Equipment 4,EQUIPMENT,EQUIPMENT,ACTIVE,5,07:00:00,19:00:00,Sony,,,,,
91483baa-434e-4b5a-8015-828e9f7144a7,EQP-005,Equipment 5,EQUIPMENT,EQUIPMENT,ACTIVE,10,07:00:00,19:00:00,Canon,,,,,
fe2fa8a2-e0a8-45a3-8d49-c628ea63ae5d,EQP-006,Equipment 6,EQUIPMENT,EQUIPMENT,ACTIVE,1,07:00:00,19:00:00,Nikon,,,,,
800c720a-cb6f-412d-8b1c-dfbb52a4454d,EQP-007,Equipment 7,EQUIPMENT,EQUIPMENT,ACTIVE,5,07:00:00,19:00:00,Panasonic,,,,,
80788f47-f918-48fb-954e-d293b90a2e10,EQP-008,Equipment 8,EQUIPMENT,EQUIPMENT,ACTIVE,10,07:00:00,19:00:00,Sony,,,,,
c148d044-fa6d-4ed5-b98c-508ead87bfdf,EQP-009,Equipment 9,EQUIPMENT,EQUIPMENT,ACTIVE,1,07:00:00,19:00:00,Canon,,,,,
a29045ee-9bbe-43da-9adf-6b3ed35d8140,EQP-010,Equipment 10,EQUIPMENT,EQUIPMENT,ACTIVE,5,07:00:00,19:00:00,Nikon,,,,,
f87a1a8b-6262-489d-8c59-781d5c390c55,EQP-011,Equipment 11,EQUIPMENT,EQUIPMENT,ACTIVE,10,07:00:00,19:00:00,Panasonic,,,,,
dd795cd7-0d60-47db-98f7-cb4892f4cea7,EQP-012,Equipment 12,EQUIPMENT,EQUIPMENT,ACTIVE,1,07:00:00,19:00:00,Sony,,,,,
30bfaf20-53e4-4a44-96ec-a36d27ef2e7a,EQP-013,Equipment 13,EQUIPMENT,EQUIPMENT,ACTIVE,5,07:00:00,19:00:00,Canon,,,,,
b8feb9a7-3504-48c8-ae5e-0f49f9a0cf8e,EQP-014,Equipment 14,EQUIPMENT,EQUIPMENT,ACTIVE,10,07:00:00,19:00:00,Nikon,,,,,
7c5e6120-0e00-4f03-9943-c1134e205345,EQP-015,Equipment 15,EQUIPMENT,EQUIPMENT,ACTIVE,1,07:00:00,19:00:00,Panasonic,,,,,
cd7dbdf5-fccb-44eb-89ea-db1755e82b18,EQP-016,Equipment 16,EQUIPMENT,EQUIPMENT,ACTIVE,5,07:00:00,19:00:00,Sony,,,,,
79f945dc-3a4d-4c94-a2ed-27d225570092,EQP-017,Equipment 17,EQUIPMENT,EQUIPMENT,ACTIVE,10,07:00:00,19:00:00,Canon,,,,,
6a61f054-c37a-4b35-950d-d1c41046ab0d,EQP-018,Equipment 18,EQUIPMENT,EQUIPMENT,ACTIVE,1,07:00:00,19:00:00,Nikon,,,,,
1ed4ada0-699e-461f-86d5-1e49f13cdd5d,EQP-019,Equipment 19,EQUIPMENT,EQUIPMENT,ACTIVE,5,07:00:00,19:00:00,Panasonic,,,,,
b5966a0c-7134-47c8-bc6c-d75ad7b8cad3,EQP-020,Equipment 20,EQUIPMENT,EQUIPMENT,ACTIVE,10,07:00:00,19:00:00,Sony,,,,,
97b6c02d-911c-4842-9df1-6240884f69b6,EQP-021,Equipment 21,EQUIPMENT,EQUIPMENT,ACTIVE,1,07:00:00,19:00:00,Canon,,,,,
d396947f-3d7c-435b-8f9f-a9b7369ed91f,EQP-022,Equipment 22,EQUIPMENT,EQUIPMENT,ACTIVE,5,07:00:00,19:00:00,Nikon,,,,,
6770f141-076a-4d22-add2-2d85408d1450,EQP-023,Equipment 23,EQUIPMENT,EQUIPMENT,ACTIVE,10,07:00:00,19:00:00,Panasonic,,,,,
352137ec-451f-440d-a75c-18a69d077ebc,EQP-024,Equipment 24,EQUIPMENT,EQUIPMENT,ACTIVE,1,07:00:00,19:00:00,Sony,,,,,
12905de1-b424-47d1-bac1-2ebe248db333,EQP-025,Equipment 25,EQUIPMENT,EQUIPMENT,OUT_OF_SERVICE,5,07:00:00,19:00:00,Canon,,,,,
131056ae-e1f0-4ec9-bdf8-6ce3eb1dbfff,EQP-026,Equipment 26,EQUIPMENT,EQUIPMENT,ACTIVE,10,07:00:00,19:00:00,Nikon,,,,,
907a9ac9-7559-47c3-b5c8-eed38bb94dca,EQP-027,Equipment 27,EQUIPMENT,EQUIPMENT,ACTIVE,1,07:00:00,19:00:00,Panasonic,,,,,
5e198999-b045-4d6b-94ba-476d46dcf7e6,EQP-028,Equipment 28,EQUIPMENT,EQUIPMENT,ACTIVE,5,07:00:00,19:00:00,Sony,,,,,
c7b8e5c1-2d81-49d3-8b9b-610dbc4c156b,EQP-029,Equipment 29,EQUIPMENT,EQUIPMENT,ACTIVE,10,07:00:00,19:00:00,Canon,,,,,
5ade02ac-a368-4e34-aa0a-5ee6a8fb9527,EQP-030,Equipment 30,EQUIPMENT,EQUIPMENT,ACTIVE,1,07:00:00,19:00:00,Nikon,,,,,
eff5375e-0b6f-498f-a66e-43ec6a493173,EQP-031,Equipment 31,EQUIPMENT,EQUIPMENT,ACTIVE,5,07:00:00,19:00:00,Panasonic,,,,,
47186490-5aaa-4cba-8fb4-32f257170681,EQP-032,Equipment 32,EQUIPMENT,EQUIPMENT,ACTIVE,10,07:00:00,19:00:00,Sony,,,,,
32778a34-24ed-4718-be51-46768eb87930,EQP-033,Equipment 33,EQUIPMENT,EQUIPMENT,ACTIVE,1,07:00:00,19:00:00,Canon,,,,,
46d056f1-ed69-4620-a54e-2f893dbb629d,EQP-034,Equipment 34,EQUIPMENT,EQUIPMENT,ACTIVE,5,07:00:00,19:00:00,Nikon,,,,,
92b448c0-5540-4cbd-a0c0-6c514e937210,EQP-035,Equipment 35,EQUIPMENT,EQUIPMENT,ACTIVE,10,07:00:00,19:00:00,Panasonic,,,,,
788e7418-fb9d-481b-87fe-04a7b0823f2d,EQP-036,Equipment 36,EQUIPMENT,EQUIPMENT,ACTIVE,1,07:00:00,19:00:00,Sony,,,,,
c88f7e9c-b2ae-46dc-a0d5-2dfab3dea95a,EQP-037,Equipment 37,EQUIPMENT,EQUIPMENT,ACTIVE,5,07:00:00,19:00:00,Canon,,,,,
5a64d691-ed56-44dd-a72f-be99b9015e99,EQP-038,Equipment 38,EQUIPMENT,EQUIPMENT,ACTIVE,10,07:00:00,19:00:00,Nikon,,,,,
08a07c2e-80df-4da4-b36e-6c691294b17b,EQP-039,Equipment 39,EQUIPMENT,EQUIPMENT,ACTIVE,1,07:00:00,19:00:00,Panasonic,,,,,
f6a43d49-9f1f-4cc1-9b6e-cd89d4d46a75,EQP-040,Equipment 40,EQUIPMENT,EQUIPMENT,ACTIVE,5,07:00:00,19:00:00,Sony,,,,,
f7901a89-f18f-409a-a355-bf549c0d7043,EQP-041,Equipment 41,EQUIPMENT,EQUIPMENT,ACTIVE,10,07:00:00,19:00:00,Canon,,,,,
e0742729-925f-4d60-a763-b158b6a6d906,EQP-042,Equipment 42,EQUIPMENT,EQUIPMENT,ACTIVE,1,07:00:00,19:00:00,Nikon,,,,,
119f2166-e3e4-4aa8-b2ce-003d833a1348,EQP-043,Equipment 43,EQUIPMENT,EQUIPMENT,ACTIVE,5,07:00:00,19:00:00,Panasonic,,,,,
4f224df0-048a-4312-a631-dce7d70f9034,EQP-044,Equipment 44,EQUIPMENT,EQUIPMENT,ACTIVE,10,07:00:00,19:00:00,Sony,,,,,
16c40ce2-c828-4cbe-a4a2-719d3b8d2329,EQP-045,Equipment 45,EQUIPMENT,EQUIPMENT,ACTIVE,1,07:00:00,19:00:00,Canon,,,,,
d600511e-11da-4145-bd5f-1c1d08324592,EQP-046,Equipment 46,EQUIPMENT,EQUIPMENT,ACTIVE,5,07:00:00,19:00:00,Nikon,,,,,
483c6d43-c030-416c-9641-45d16b4ea7e8,EQP-047,Equipment 47,EQUIPMENT,EQUIPMENT,ACTIVE,10,07:00:00,19:00:00,Panasonic,,,,,
f08b3b34-7045-4453-bb67-b5f15debeea4,EQP-048,Equipment 48,EQUIPMENT,EQUIPMENT,ACTIVE,1,07:00:00,19:00:00,Sony,,,,,
d8879c73-9b10-42f3-8db9-e9c18d5121df,EQP-049,Equipment 49,EQUIPMENT,EQUIPMENT,ACTIVE,5,07:00:00,19:00:00,Canon,,,,,
834b02a1-89b0-408f-913f-3cae446390e1,EQP-050,Equipment 50,EQUIPMENT,EQUIPMENT,OUT_OF_SERVICE,10,07:00:00,19:00:00,Nikon,,,,,
aaaaaaaa-aaaa-aaaa-aaaa-aaaaaaaaaaa3,EQ-PRJ-01,Portable Projector - Epson,EQUIPMENT,EQUIPMENT,ACTIVE,1,08:00:00,21:00:00,Epson,EB-X06,SN-PRJ-0001,,,f
b5061b02-9d12-4d9d-9a69-7fa12948a4cb,LAB-001,Lab 1,LAB,LAB,ACTIVE,26,09:00:00,21:00:00,Laboratory,,,,,
8bc866c6-44a9-44c4-95dc-4f2bd68e9aa6,LAB-002,Lab 2,LAB,LAB,ACTIVE,27,09:00:00,21:00:00,Laboratory,,,,,
11a53d85-edad-4693-900d-6e9d4f4ccc3c,LAB-003,Lab 3,LAB,LAB,ACTIVE,28,09:00:00,21:00:00,Laboratory,,,,,
b7a0db09-6670-42d5-bf61-9184b6a680bb,LAB-004,Lab 4,LAB,LAB,ACTIVE,29,09:00:00,21:00:00,Laboratory,,,,,
059804e1-8190-4800-90d2-02548c0b2407,LAB-005,Lab 5,LAB,LAB,ACTIVE,30,09:00:00,21:00:00,Laboratory,,,,,
b7444d34-e0eb-4ba1-9609-b123a9bf0944,LAB-006,Lab 6,LAB,LAB,ACTIVE,31,09:00:00,21:00:00,Laboratory,,,,,
ab5e3820-ccee-428a-b8e0-6a6aac877c7d,LAB-007,Lab 7,LAB,LAB,ACTIVE,32,09:00:00,21:00:00,Laboratory,,,,,
76455452-f3ae-4249-84ff-0ccc1ef6e037,LAB-008,Lab 8,LAB,LAB,ACTIVE,33,09:00:00,21:00:00,Laboratory,,,,,
baa81d62-6cbf-4950-a6f0-86ebb132c5f3,LAB-009,Lab 9,LAB,LAB,ACTIVE,34,09:00:00,21:00:00,Laboratory,,,,,
6944e975-4d60-4bc9-aa98-9a5309c76fdd,LAB-010,Lab 10,LAB,LAB,ACTIVE,35,09:00:00,21:00:00,Laboratory,,,,,
c481f16d-0156-4df0-9da7-43cb628cd219,LAB-011,Lab 11,LAB,LAB,ACTIVE,36,09:00:00,21:00:00,Laboratory,,,,,
3989def4-95cf-40d5-bd95-ecfbb4b85655,LAB-012,Lab 12,LAB,LAB,ACTIVE,37,09:00:00,21:00:00,Laboratory,,,,,
13699d68-2aeb-4149-b133-76b4279a045e,LAB-013,Lab 13,LAB,LAB,ACTIVE,38,09:00:00,21:00:00,Laboratory,,,,,
c19d4193-3cb3-4f01-941d-23a6cc28ccc8,LAB-014,Lab 14,LAB,LAB,ACTIVE,39,09:00:00,21:00:00,Laboratory,,,,,
8d04372b-5348-4955-b1e9-99d09e9e943f,LAB-015,Lab 15,LAB,LAB,ACTIVE,40,09:00:00,21:00:00,Laboratory,,,,,
93a368ed-a111-4c36-ad74-25c484cd1c6c,LAB-016,Lab 16,LAB,LAB,ACTIVE,41,09:00:00,21:00:00,Laboratory,,,,,
72f969ab-fa8a-4153-bb76-eaac8781d0d0,LAB-017,Lab 17,LAB,LAB,ACTIVE,42,09:00:00,21:00:00,Laboratory,,,,,
212c93b3-79e7-4552-8f50-ac9ad970d44b,LAB-018,Lab 18,LAB,LAB,ACTIVE,43,09:00:00,21:00:00,Laboratory,,,,,
e3a8bace-ee15-41d3-b4b7-433297aba15f,LAB-019,Lab 19,LAB,LAB,ACTIVE,44,09:00:00,21:00:00,Laboratory,,,,,
dddf98bf-d349-4eae-be01-6a717fdb3a6a,LAB-020,Lab 20,LAB,LAB,ACTIVE,45,09:00:00,21:00:00,Laboratory,,,,,
6e1cc17c-42f1-40bc-93b4-8ccef07ab92f,LAB-021,Lab 21,LAB,LAB,ACTIVE,46,09:00:00,21:00:00,Laboratory,,,,,
c922d567-63d5-4223-8815-a7a5387bbb04,LAB-022,Lab 22,LAB,LAB,ACTIVE,47,09:00:00,21:00:00,Laboratory,,,,,
8b8344bc-4d25-4ad3-9bca-18eb8eaff98d,LAB-023,Lab 23,LAB,LAB,ACTIVE,48,09:00:00,21:00:00,Laboratory,,,,,
67b6e2b5-d84d-4bd4-ba98-336567fe337e,LAB-024,Lab 24,LAB,LAB,ACTIVE,49,09:00:00,21:00:00,Laboratory,,,,,
3585fce5-06dc-4677-bc1c-e4e59a398d9d,LAB-025,Lab 25,LAB,LAB,ACTIVE,50,09:00:00,21:00:00,Laboratory,,,,,
6e11f201-9fff-483b-b24e-8dbc5c550b75,LAB-026,Lab 26,LAB,LAB,ACTIVE,51,09:00:00,21:00:00,Laboratory,,,,,
c7c5bab7-d88b-416d-ac6a-0091b980158f,LAB-027,Lab 27,LAB,LAB,ACTIVE,52,09:00:00,21:00:00,Laboratory,,,,,
42fdd9e5-e236-464c-b299-4bc5d304b975,LAB-028,Lab 28,LAB,LAB,ACTIVE,53,09:00:00,21:00:00,Laboratory,,,,,
fa41c193-b42e-4565-bd53-4569ca77a358,LAB-029,Lab 29,LAB,LAB,ACTIVE,54,09:00:00,21:00:00,Laboratory,,,,,
c11f377f-75d8-4323-ae55-90f63850149b,LAB-030,Lab 30,LAB,LAB,ACTIVE,55,09:00:00,21:00:00,Laboratory,,,,,
004aca41-2e54-4a0e-8e85-7c5e9b9f4e6e,LAB-031,Lab 31,LAB,LAB,ACTIVE,56,09:00:00,21:00:00,Laboratory,,,,,
68375dac-4e75-48ac-aa09-9b9432f70417,LAB-032,Lab 32,LAB,LAB,ACTIVE,57,09:00:00,21:00:00,Laboratory,,,,,
e2d802e4-c752-45d6-9939-c172e103e8ce,LAB-033,Lab 33,LAB,LAB,ACTIVE,58,09:00:00,21:00:00,Laboratory,,,,,
60623a4f-e75a-44a8-a18a-fef9b9819d83,LAB-034,Lab 34,LAB,LAB,ACTIVE,59,09:00:00,21:00:00,Laboratory,,,,,
f7b4589c-818d-4ffd-8935-281458d3cdef,LAB-035,Lab 35,LAB,LAB,ACTIVE,60,09:00:00,21:00:00,Laboratory,,,,,
65180646-cfb9-4a6c-86e7-c01b7ae8b993,LAB-036,Lab 36,LAB,LAB,ACTIVE,61,09:00:00,21:00:00,Laboratory,,,,,
e1554250-2b14-43f2-b7d9-9ab995fc99ff,LAB-037,Lab 37,LAB,LAB,ACTIVE,62,09:00:00,21:00:00,Laboratory,,,,,
0ed5f7df-6fb2-4624-9dd2-e8c2e32aff00,LAB-038,Lab 38,LAB,LAB,ACTIVE,63,09:00:00,21:00:00,Laboratory,,,,,
2b5872b4-f765-4eac-885f-2e21e858f860,LAB-039,Lab 39,LAB,LAB,ACTIVE,64,09:00:00,21:00:00,Laboratory,,,,,
dfe87507-ccac-47a6-952f-b7863fc4e446,LAB-040,Lab 40,LAB,LAB,OUT_OF_SERVICE,25,09:00:00,21:00:00,Laboratory,,,,,
1c337e3d-b5a0-4541-88cd-7169f6608913,LAB-041,Lab 41,LAB,LAB,ACTIVE,26,09:00:00,21:00:00,Laboratory,,,,,
b844a745-1a55-4250-a202-5ab67b1a4485,LAB-042,Lab 42,LAB,LAB,ACTIVE,27,09:00:00,21:00:00,Laboratory,,,,,
de2efcdb-ca8f-4bb0-bba9-d46827f042ed,LAB-043,Lab 43,LAB,LAB,ACTIVE,28,09:00:00,21:00:00,Laboratory,,,,,
e918c2b6-4cf0-4cde-be1f-3177de69d4c5,LAB-044,Lab 44,LAB,LAB,ACTIVE,29,09:00:00,21:00:00,Laboratory,,,,,
908a4d00-8bbb-4fc0-9078-50a96b4ec198,LAB-045,Lab 45,LAB,LAB,ACTIVE,30,09:00:00,21:00:00,Laboratory,,,,,
6b5ca3f9-cd48-4ac8-8370-2c78e2f55ee7,LAB-046,Lab 46,LAB,LAB,ACTIVE,31,09:00:00,21:00:00,Laboratory,,,,,
d2965b5c-b514-4953-b8a4-f67d17ad0658,LAB-047,Lab 47,LAB,LAB,ACTIVE,32,09:00:00,21:00:00,Laboratory,,,,,
3591b667-7231-490b-be1c-b2178c927ca8,LAB-048,Lab 48,LAB,LAB,ACTIVE,33,09:00:00,21:00:00,Laboratory,,,,,
c6475d6b-1fdf-4096-8cb1-90be1ce13275,LAB-049,Lab 49,LAB,LAB,ACTIVE,34,09:00:00,21:00:00,Laboratory,,,,,
3d6f89e5-989c-4575-b979-075b0a303549,LAB-050,Lab 50,LAB,LAB,ACTIVE,35,09:00:00,21:00:00,Laboratory,,,,,
e6dec443-40ee-4d38-95a9-4e1e08b5aefb,LAB-051,Lab 51,LAB,LAB,ACTIVE,36,09:00:00,21:00:00,Laboratory,,,,,
613fe4e3-0e39-4e69-adc7-34bed2104ded,LAB-052,Lab 52,LAB,LAB,ACTIVE,37,09:00:00,21:00:00,Laboratory,,,,,
99fc1cd7-8150-4797-9e6d-4fbdb05c6ece,LAB-053,Lab 53,LAB,LAB,ACTIVE,38,09:00:00,21:00:00,Laboratory,,,,,
89255e22-6a0d-4adf-b0d7-b61657944d11,LAB-054,Lab 54,LAB,LAB,ACTIVE,39,09:00:00,21:00:00,Laboratory,,,,,
61962027-fab2-4644-86f9-ae9b723f9d9e,LAB-055,Lab 55,LAB,LAB,ACTIVE,40,09:00:00,21:00:00,Laboratory,,,,,
f952f8d3-872c-4dac-89bd-ad8aab37e3d0,LAB-056,Lab 56,LAB,LAB,ACTIVE,41,09:00:00,21:00:00,Laboratory,,,,,
000d18d3-b621-4983-8f7a-8dd2ff861aff,LAB-057,Lab 57,LAB,LAB,ACTIVE,42,09:00:00,21:00:00,Laboratory,,,,,
75a222ef-b450-4b1d-9721-a269bbf832a2,LAB-058,Lab 58,LAB,LAB,ACTIVE,43,09:00:00,21:00:00,Laboratory,,,,,
09ca528a-3eff-4b22-8c4a-6fee91071de9,LAB-059,Lab 59,LAB,LAB,ACTIVE,44,09:00:00,21:00:00,Laboratory,,,,,
8344c807-a85b-4288-bfc2-6682f8645cb0,LAB-060,Lab 60,LAB,LAB,ACTIVE,45,09:00:00,21:00:00,Laboratory,,,,,
aaaaaaaa-aaaa-aaaa-aaaa-aaaaaaaaaaa2,LAB-C203,Computing Lab C203,LAB,LAB,ACTIVE,40,08:00:00,20:00:00,N/A,,,,,f
bbbbbbbb-bbbb-bbbb-bbbb-bbbbbbbbbbb3,LAB-D302,Advanced Computing Lab D302,LAB,LAB,ACTIVE,50,08:00:00,20:00:00,N/A,,,t,,t
7066df00-0b59-423c-8187-02667792c5b7,LH-001,Lecture Hall 1,LECTURE_HALL,LECTURE_HALL,ACTIVE,76,08:00:00,21:00:00,Academic,,,,,
ea6fe4aa-648a-4feb-ba8c-76df4d9b2da6,LH-002,Lecture Hall 2,LECTURE_HALL,LECTURE_HALL,ACTIVE,77,08:00:00,21:00:00,Academic,,,,,
e6ea86c8-b55e-4b42-90e2-e113ae12946a,LH-003,Lecture Hall 3,LECTURE_HALL,LECTURE_HALL,ACTIVE,78,08:00:00,21:00:00,Academic,,,,,
195053ab-651c-4716-9255-b324ccbe0329,LH-004,Lecture Hall 4,LECTURE_HALL,LECTURE_HALL,ACTIVE,79,08:00:00,21:00:00,Academic,,,,,
1df0f16e-d68c-4481-b4b6-28220bcda0e9,LH-005,Lecture Hall 5,LECTURE_HALL,LECTURE_HALL,ACTIVE,80,08:00:00,21:00:00,Academic,,,,,
d9888af1-6efb-4c87-b98d-b2192c93586b,LH-006,Lecture Hall 6,LECTURE_HALL,LECTURE_HALL,ACTIVE,81,08:00:00,21:00:00,Academic,,,,,
e346d7a5-6be7-4537-936a-a94a1c63b30f,LH-007,Lecture Hall 7,LECTURE_HALL,LECTURE_HALL,ACTIVE,82,08:00:00,21:00:00,Academic,,,,,
13c2eeb1-b7bd-4677-a317-ee4d653afb29,LH-008,Lecture Hall 8,LECTURE_HALL,LECTURE_HALL,ACTIVE,83,08:00:00,21:00:00,Academic,,,,,
9b576f7a-cbb5-49c7-946d-02e88b45791a,LH-009,Lecture Hall 9,LECTURE_HALL,LECTURE_HALL,ACTIVE,84,08:00:00,21:00:00,Academic,,,,,
31ff9e53-4b09-4eda-b2f9-afe2406e8000,LH-010,Lecture Hall 10,LECTURE_HALL,LECTURE_HALL,ACTIVE,85,08:00:00,21:00:00,Academic,,,,,
c6fbdc26-65c9-44e4-8bca-fa21e03c0132,LH-011,Lecture Hall 11,LECTURE_HALL,LECTURE_HALL,ACTIVE,86,08:00:00,21:00:00,Academic,,,,,
035ad55d-4f35-4a9d-822b-9f0b26582832,LH-012,Lecture Hall 12,LECTURE_HALL,LECTURE_HALL,ACTIVE,87,08:00:00,21:00:00,Academic,,,,,
a276c905-60d1-4cf5-a5ec-91e47077b1bf,LH-013,Lecture Hall 13,LECTURE_HALL,LECTURE_HALL,ACTIVE,88,08:00:00,21:00:00,Academic,,,,,
ac2f0cdd-5058-4b66-8d9f-97411448fb11,LH-014,Lecture Hall 14,LECTURE_HALL,LECTURE_HALL,ACTIVE,89,08:00:00,21:00:00,Academic,,,,,
5e225a94-88cb-431a-b4a4-bcf2c30b7f3f,LH-015,Lecture Hall 15,LECTURE_HALL,LECTURE_HALL,ACTIVE,90,08:00:00,21:00:00,Academic,,,,,
464bba65-92d9-4c9e-a41b-7677098e6e13,LH-016,Lecture Hall 16,LECTURE_HALL,LECTURE_HALL,ACTIVE,91,08:00:00,21:00:00,Academic,,,,,
18f0caf3-612f-42dc-a066-2b17cbb69385,LH-017,Lecture Hall 17,LECTURE_HALL,LECTURE_HALL,ACTIVE,92,08:00:00,21:00:00,Academic,,,,,
2ead22c3-0f0e-43c3-8314-43b63a561f81,LH-018,Lecture Hall 18,LECTURE_HALL,LECTURE_HALL,ACTIVE,93,08:00:00,21:00:00,Academic,,,,,
3b1cee0f-e442-4288-b121-bd52ff869194,LH-019,Lecture Hall 19,LECTURE_HALL,LECTURE_HALL,ACTIVE,94,08:00:00,21:00:00,Academic,,,,,
537da27e-39f4-4fd2-bef6-8432ccb91cd3,LH-020,Lecture Hall 20,LECTURE_HALL,LECTURE_HALL,ACTIVE,95,08:00:00,21:00:00,Academic,,,,,
a29e0d74-75cd-46f9-817e-26fe01a740d2,LH-021,Lecture Hall 21,LECTURE_HALL,LECTURE_HALL,ACTIVE,96,08:00:00,21:00:00,Academic,,,,,
ab306897-24f6-4982-aa45-1888299b0fec,LH-022,Lecture Hall 22,LECTURE_HALL,LECTURE_HALL,ACTIVE,97,08:00:00,21:00:00,Academic,,,,,
c788a351-2b25-4f79-bb56-517913617086,LH-023,Lecture Hall 23,LECTURE_HALL,LECTURE_HALL,ACTIVE,98,08:00:00,21:00:00,Academic,,,,,
a2080a0e-0c28-4175-be48-5fc6542142e5,LH-024,Lecture Hall 24,LECTURE_HALL,LECTURE_HALL,ACTIVE,99,08:00:00,21:00:00,Academic,,,,,
03cecca5-0ecb-4adb-9b91-ee66c77fefe6,LH-025,Lecture Hall 25,LECTURE_HALL,LECTURE_HALL,ACTIVE,100,08:00:00,21:00:00,Academic,,,,,
0afe790a-2741-46d7-8235-14bc1788d9a6,LH-026,Lecture Hall 26,LECTURE_HALL,LECTURE_HALL,ACTIVE,101,08:00:00,21:00:00,Academic,,,,,
f61b43bd-6777-4cf3-8814-3d60578a7a1b,LH-027,Lecture Hall 27,LECTURE_HALL,LECTURE_HALL,ACTIVE,102,08:00:00,21:00:00,Academic,,,,,
79ab5fab-5eb1-49ed-ab6b-66df94885380,LH-028,Lecture Hall 28,LECTURE_HALL,LECTURE_HALL,ACTIVE,103,08:00:00,21:00:00,Academic,,,,,
f4fd43ce-3601-49bb-bf34-cdd380989c90,LH-029,Lecture Hall 29,LECTURE_HALL,LECTURE_HALL,ACTIVE,104,08:00:00,21:00:00,Academic,,,,,
49372360-b347-4f9d-af9b-d76bdf3e9cbb,LH-030,Lecture Hall 30,LECTURE_HALL,LECTURE_HALL,ACTIVE,105,08:00:00,21:00:00,Academic,,,,,
a5fb0f4a-5980-4728-832c-3834df0118f7,LH-031,Lecture Hall 31,LECTURE_HALL,LECTURE_HALL,ACTIVE,106,08:00:00,21:00:00,Academic,,,,,
be693dab-1f79-477f-a9cd-9d1e52f47cab,LH-032,Lecture Hall 32,LECTURE_HALL,LECTURE_HALL,ACTIVE,107,08:00:00,21:00:00,Academic,,,,,
dc9145aa-9939-4fc8-9722-d81e46617eb4,LH-033,Lecture Hall 33,LECTURE_HALL,LECTURE_HALL,ACTIVE,108,08:00:00,21:00:00,Academic,,,,,
4dea99c1-9258-408c-85c2-91fafd7658db,LH-034,Lecture Hall 34,LECTURE_HALL,LECTURE_HALL,ACTIVE,109,08:00:00,21:00:00,Academic,,,,,
6f867bc3-cae6-45a8-9250-75ecd71b1136,LH-035,Lecture Hall 35,LECTURE_HALL,LECTURE_HALL,ACTIVE,110,08:00:00,21:00:00,Academic,,,,,
7871ac40-8fbc-4213-935b-4cde7b1e31ea,LH-036,Lecture Hall 36,LECTURE_HALL,LECTURE_HALL,ACTIVE,111,08:00:00,21:00:00,Academic,,,,,
47b81c44-5145-476f-8408-151aa98348e4,LH-037,Lecture Hall 37,LECTURE_HALL,LECTURE_HALL,ACTIVE,112,08:00:00,21:00:00,Academic,,,,,
46d1b94d-ded7-4d44-bde9-38b0d68a9e04,LH-038,Lecture Hall 38,LECTURE_HALL,LECTURE_HALL,ACTIVE,113,08:00:00,21:00:00,Academic,,,,,
e7e6bac9-fe3a-4255-8aea-d065f57ffc45,LH-039,Lecture Hall 39,LECTURE_HALL,LECTURE_HALL,ACTIVE,114,08:00:00,21:00:00,Academic,,,,,
408611d7-48b6-4339-bef4-12054516a383,LH-040,Lecture Hall 40,LECTURE_HALL,LECTURE_HALL,ACTIVE,115,08:00:00,21:00:00,Academic,,,,,
a326f316-5dc1-4c09-89f2-8199550ea40b,LH-041,Lecture Hall 41,LECTURE_HALL,LECTURE_HALL,ACTIVE,116,08:00:00,21:00:00,Academic,,,,,
3bef1a5d-669a-4b90-96fd-c5b6df3e120a,LH-042,Lecture Hall 42,LECTURE_HALL,LECTURE_HALL,ACTIVE,117,08:00:00,21:00:00,Academic,,,,,
929ba29a-3e16-4a59-a4dc-e7ec534d1410,LH-043,Lecture Hall 43,LECTURE_HALL,LECTURE_HALL,ACTIVE,118,08:00:00,21:00:00,Academic,,,,,
ce3ca525-77ea-40cb-a2a9-0f37995ce0be,LH-044,Lecture Hall 44,LECTURE_HALL,LECTURE_HALL,ACTIVE,119,08:00:00,21:00:00,Academic,,,,,
77af4b3c-3c59-4688-affc-0007e635bb7c,LH-045,Lecture Hall 45,LECTURE_HALL,LECTURE_HALL,ACTIVE,120,08:00:00,21:00:00,Academic,,,,,
ec5f3d51-a024-4178-9261-9af6d654ac5b,LH-046,Lecture Hall 46,LECTURE_HALL,LECTURE_HALL,ACTIVE,121,08:00:00,21:00:00,Academic,,,,,
fa08a5ff-e820-4e23-9382-04a60000adac,LH-047,Lecture Hall 47,LECTURE_HALL,LECTURE_HALL,ACTIVE,122,08:00:00,21:00:00,Academic,,,,,
f40a8e0b-6571-4b96-8e26-34c09d082ad2,LH-048,Lecture Hall 48,LECTURE_HALL,LECTURE_HALL,ACTIVE,123,08:00:00,21:00:00,Academic,,,,,
e859b928-4d4b-4365-a291-74932e25c0ed,LH-049,Lecture Hall 49,LECTURE_HALL,LECTURE_HALL,ACTIVE,124,08:00:00,21:00:00,Academic,,,,,
0765b306-9744-4885-9188-141499f58e9f,LH-050,Lecture Hall 50,LECTURE_HALL,LECTURE_HALL,OUT_OF_SERVICE,125,08:00:00,21:00:00,Academic,,,,,
fcd4e4f0-a2ae-454f-97ca-ddf922dd7ccf,LH-051,Lecture Hall 51,LECTURE_HALL,LECTURE_HALL,ACTIVE,126,08:00:00,21:00:00,Academic,,,,,
9dbefb5b-ba46-44a0-8a14-6f5b62ce330f,LH-052,Lecture Hall 52,LECTURE_HALL,LECTURE_HALL,ACTIVE,127,08:00:00,21:00:00,Academic,,,,,
fe49c1e5-eeb6-4ada-9881-c3eea88d7304,LH-053,Lecture Hall 53,LECTURE_HALL,LECTURE_HALL,ACTIVE,128,08:00:00,21:00:00,Academic,,,,,
d0ac0997-2517-4344-a7c6-4c8ea222df6e,LH-054,Lecture Hall 54,LECTURE_HALL,LECTURE_HALL,ACTIVE,129,08:00:00,21:00:00,Academic,,,,,
f2ff3fa5-0c73-4cf5-9ab4-af6271be1af0,LH-055,Lecture Hall 55,LECTURE_HALL,LECTURE_HALL,ACTIVE,130,08:00:00,21:00:00,Academic,,,,,
0d0ad425-c6ea-49cb-a964-caadc94abe7f,LH-056,Lecture Hall 56,LECTURE_HALL,LECTURE_HALL,ACTIVE,131,08:00:00,21:00:00,Academic,,,,,
1cb14051-7833-45f4-ad91-f3928a00e245,LH-057,Lecture Hall 57,LECTURE_HALL,LECTURE_HALL,ACTIVE,132,08:00:00,21:00:00,Academic,,,,,
a8f0a03e-361d-44bd-b434-d31922ccc2cb,LH-058,Lecture Hall 58,LECTURE_HALL,LECTURE_HALL,ACTIVE,133,08:00:00,21:00:00,Academic,,,,,
6d78f9d7-8f55-4dcf-afe7-afa2e1642dae,LH-059,Lecture Hall 59,LECTURE_HALL,LECTURE_HALL,ACTIVE,134,08:00:00,21:00:00,Academic,,,,,
bebcb876-6f70-4e10-872e-aa4bd54b551c,LH-060,Lecture Hall 60,LECTURE_HALL,LECTURE_HALL,ACTIVE,135,08:00:00,21:00:00,Academic,,,,,
8c1362dd-d805-434b-89e2-74e79a95e2cc,LH-061,Lecture Hall 61,LECTURE_HALL,LECTURE_HALL,ACTIVE,136,08:00:00,21:00:00,Academic,,,,,
f9d1e5ee-a258-4968-8ea8-9cbf12fd526f,LH-062,Lecture Hall 62,LECTURE_HALL,LECTURE_HALL,ACTIVE,137,08:00:00,21:00:00,Academic,,,,,
d93db795-8586-4b30-a1ee-2e2be759d372,LH-063,Lecture Hall 63,LECTURE_HALL,LECTURE_HALL,ACTIVE,138,08:00:00,21:00:00,Academic,,,,,
eab74bb6-75c9-4d38-9ae7-69c639c3bdde,LH-064,Lecture Hall 64,LECTURE_HALL,LECTURE_HALL,ACTIVE,139,08:00:00,21:00:00,Academic,,,,,
a43112f3-a4a3-441e-a4c3-a96510b37f96,LH-065,Lecture Hall 65,LECTURE_HALL,LECTURE_HALL,ACTIVE,140,08:00:00,21:00:00,Academic,,,,,
e52107bd-d9a2-4006-9090-18a97804a7ad,LH-066,Lecture Hall 66,LECTURE_HALL,LECTURE_HALL,ACTIVE,141,08:00:00,21:00:00,Academic,,,,,
a732bb58-01e3-4e4f-a52c-c13ca6d56f96,LH-067,Lecture Hall 67,LECTURE_HALL,LECTURE_HALL,ACTIVE,142,08:00:00,21:00:00,Academic,,,,,
0071200e-b8de-4f66-b6ba-1d41c5fabb7c,LH-068,Lecture Hall 68,LECTURE_HALL,LECTURE_HALL,ACTIVE,143,08:00:00,21:00:00,Academic,,,,,
599a7e14-3cb5-4c13-86fb-875837b5458d,LH-069,Lecture Hall 69,LECTURE_HALL,LECTURE_HALL,ACTIVE,144,08:00:00,21:00:00,Academic,,,,,
f1628337-fedd-4522-bd95-f4ac5053345e,LH-070,Lecture Hall 70,LECTURE_HALL,LECTURE_HALL,ACTIVE,145,08:00:00,21:00:00,Academic,,,,,
87e6657b-f117-4f12-b703-8a21da12cc87,LH-071,Lecture Hall 71,LECTURE_HALL,LECTURE_HALL,ACTIVE,146,08:00:00,21:00:00,Academic,,,,,
df4bca91-b6a5-494e-a5d1-c055b5ecec1e,LH-072,Lecture Hall 72,LECTURE_HALL,LECTURE_HALL,ACTIVE,147,08:00:00,21:00:00,Academic,,,,,
8d2f36c9-fd8a-469e-bfd5-0e671dd12e12,LH-073,Lecture Hall 73,LECTURE_HALL,LECTURE_HALL,ACTIVE,148,08:00:00,21:00:00,Academic,,,,,
78d7e45e-8312-40c9-a4c7-f68a6e41c254,LH-074,Lecture Hall 74,LECTURE_HALL,LECTURE_HALL,ACTIVE,149,08:00:00,21:00:00,Academic,,,,,
fb44dfdb-823f-449c-89cd-93ec1fb8bc70,LH-075,Lecture Hall 75,LECTURE_HALL,LECTURE_HALL,ACTIVE,150,08:00:00,21:00:00,Academic,,,,,
c805d078-b99e-4624-96ac-c45af7dc77dd,LH-076,Lecture Hall 76,LECTURE_HALL,LECTURE_HALL,ACTIVE,151,08:00:00,21:00:00,Academic,,,,,
b6dd0275-819b-4d26-924f-b66d58e962bc,LH-077,Lecture Hall 77,LECTURE_HALL,LECTURE_HALL,ACTIVE,152,08:00:00,21:00:00,Academic,,,,,
2852ab0a-5461-40e9-9d48-f060f024676f,LH-078,Lecture Hall 78,LECTURE_HALL,LECTURE_HALL,ACTIVE,153,08:00:00,21:00:00,Academic,,,,,
10606061-fa02-49c7-bcd3-f15f087fde66,LH-079,Lecture Hall 79,LECTURE_HALL,LECTURE_HALL,ACTIVE,154,08:00:00,21:00:00,Academic,,,,,
a4b3daa9-59ca-4d6d-8124-64ed257b2b93,LH-080,Lecture Hall 80,LECTURE_HALL,LECTURE_HALL,ACTIVE,155,08:00:00,21:00:00,Academic,,,,,
aaaaaaaa-aaaa-aaaa-aaaa-aaaaaaaaaaa1,LH-A101,Main Lecture Hall A101,LECTURE_HALL,LECTURE_HALL,ACTIVE,120,08:00:00,22:00:00,N/A,,,,,t
d3cbf630-8e85-49f6-af9b-9f9da7cc3f87,MR-001,Meeting Room 1,MEETING_ROOM,MEETING_ROOM,ACTIVE,9,08:00:00,22:00:00,Meeting,,,,,
c3eab9ba-efea-4d17-94c4-b8002d6bde66,MR-002,Meeting Room 2,MEETING_ROOM,MEETING_ROOM,ACTIVE,10,08:00:00,22:00:00,Meeting,,,,,
3475d31c-7da8-4a08-a8f1-f4f129ba0b1b,MR-003,Meeting Room 3,MEETING_ROOM,MEETING_ROOM,ACTIVE,11,08:00:00,22:00:00,Meeting,,,,,
f07b3d95-557b-4ced-970a-c04100d28d37,MR-004,Meeting Room 4,MEETING_ROOM,MEETING_ROOM,ACTIVE,12,08:00:00,22:00:00,Meeting,,,,,
92dfca8c-8d09-4ec7-938a-260bb57609fe,MR-005,Meeting Room 5,MEETING_ROOM,MEETING_ROOM,ACTIVE,13,08:00:00,22:00:00,Meeting,,,,,
588f13d9-b418-4108-b436-b3b6e0af1576,MR-006,Meeting Room 6,MEETING_ROOM,MEETING_ROOM,ACTIVE,14,08:00:00,22:00:00,Meeting,,,,,
f5b6ee97-ed09-48a0-ae5c-b49833dc7af7,MR-007,Meeting Room 7,MEETING_ROOM,MEETING_ROOM,ACTIVE,15,08:00:00,22:00:00,Meeting,,,,,
84a9ffa0-8c06-49a8-8033-12a5a3a32f1b,MR-008,Meeting Room 8,MEETING_ROOM,MEETING_ROOM,ACTIVE,16,08:00:00,22:00:00,Meeting,,,,,
f65bfd17-4a3a-424f-8659-1443798e1f0e,MR-009,Meeting Room 9,MEETING_ROOM,MEETING_ROOM,ACTIVE,17,08:00:00,22:00:00,Meeting,,,,,
f4560ee9-8cba-4aa6-87e2-fbec72d48d71,MR-010,Meeting Room 10,MEETING_ROOM,MEETING_ROOM,ACTIVE,18,08:00:00,22:00:00,Meeting,,,,,
92aa60b6-2d4d-4ef7-b566-fed36b139a7a,MR-011,Meeting Room 11,MEETING_ROOM,MEETING_ROOM,ACTIVE,19,08:00:00,22:00:00,Meeting,,,,,
36d7ed29-94d9-47f2-9ece-91564010c0f5,MR-012,Meeting Room 12,MEETING_ROOM,MEETING_ROOM,ACTIVE,20,08:00:00,22:00:00,Meeting,,,,,
578fe871-0604-4463-a483-1574af1d7196,MR-013,Meeting Room 13,MEETING_ROOM,MEETING_ROOM,ACTIVE,21,08:00:00,22:00:00,Meeting,,,,,
89a3e467-f980-4fe5-82a1-bee689b68930,MR-014,Meeting Room 14,MEETING_ROOM,MEETING_ROOM,ACTIVE,22,08:00:00,22:00:00,Meeting,,,,,
51417cd6-615e-4ea0-b63f-5d1d7d7334d5,MR-015,Meeting Room 15,MEETING_ROOM,MEETING_ROOM,ACTIVE,8,08:00:00,22:00:00,Meeting,,,,,
2a895bf5-78d2-4e90-ae0d-1dbb66bea10c,MR-016,Meeting Room 16,MEETING_ROOM,MEETING_ROOM,ACTIVE,9,08:00:00,22:00:00,Meeting,,,,,
98c57d1c-68fc-4ce3-a5c6-f271c4e490aa,MR-017,Meeting Room 17,MEETING_ROOM,MEETING_ROOM,ACTIVE,10,08:00:00,22:00:00,Meeting,,,,,
73ab2191-c75e-4dd4-93f8-65b72d68aefd,MR-018,Meeting Room 18,MEETING_ROOM,MEETING_ROOM,ACTIVE,11,08:00:00,22:00:00,Meeting,,,,,
e7215d74-de8b-4358-aa5b-5e62504f84d9,MR-019,Meeting Room 19,MEETING_ROOM,MEETING_ROOM,ACTIVE,12,08:00:00,22:00:00,Meeting,,,,,
b2c10ca8-5512-49d8-8773-a92f8bf6fac9,MR-020,Meeting Room 20,MEETING_ROOM,MEETING_ROOM,ACTIVE,13,08:00:00,22:00:00,Meeting,,,,,
d4217aff-8e66-4f9e-b3b4-1ce5b41657ec,MR-021,Meeting Room 21,MEETING_ROOM,MEETING_ROOM,ACTIVE,14,08:00:00,22:00:00,Meeting,,,,,
a1309222-ff96-454c-84ab-56463834bcb3,MR-022,Meeting Room 22,MEETING_ROOM,MEETING_ROOM,ACTIVE,15,08:00:00,22:00:00,Meeting,,,,,
8498abc0-e356-443b-879b-083f8a6f3a8c,MR-023,Meeting Room 23,MEETING_ROOM,MEETING_ROOM,ACTIVE,16,08:00:00,22:00:00,Meeting,,,,,
78fc1782-8d03-402e-b931-8119124d0146,MR-024,Meeting Room 24,MEETING_ROOM,MEETING_ROOM,ACTIVE,17,08:00:00,22:00:00,Meeting,,,,,
bce0b69b-4cc8-4a78-a3bd-6b109fd59315,MR-025,Meeting Room 25,MEETING_ROOM,MEETING_ROOM,ACTIVE,18,08:00:00,22:00:00,Meeting,,,,,
f975c5da-d5d7-49b7-9ee5-b0cb18d4c7d8,MR-026,Meeting Room 26,MEETING_ROOM,MEETING_ROOM,ACTIVE,19,08:00:00,22:00:00,Meeting,,,,,
79b3589d-0756-4f02-8107-a2e02e366472,MR-027,Meeting Room 27,MEETING_ROOM,MEETING_ROOM,ACTIVE,20,08:00:00,22:00:00,Meeting,,,,,
bdbc2ba1-a08d-4cfb-a34e-243232ec85b9,MR-028,Meeting Room 28,MEETING_ROOM,MEETING_ROOM,ACTIVE,21,08:00:00,22:00:00,Meeting,,,,,
4906f5f6-6481-449a-a6ea-6b926a881f25,MR-029,Meeting Room 29,MEETING_ROOM,MEETING_ROOM,ACTIVE,22,08:00:00,22:00:00,Meeting,,,,,
f06758cb-1dc1-4045-a33d-13e23c4850e4,MR-030,Meeting Room 30,MEETING_ROOM,MEETING_ROOM,ACTIVE,8,08:00:00,22:00:00,Meeting,,,,,
ba2f24f7-c0fe-4f98-b43c-58b025e32ad2,MR-031,Meeting Room 31,MEETING_ROOM,MEETING_ROOM,ACTIVE,9,08:00:00,22:00:00,Meeting,,,,,
d498852f-688f-45da-bd0c-98b007502708,MR-032,Meeting Room 32,MEETING_ROOM,MEETING_ROOM,ACTIVE,10,08:00:00,22:00:00,Meeting,,,,,
efe74500-b893-4408-971c-9674dd756f80,MR-033,Meeting Room 33,MEETING_ROOM,MEETING_ROOM,ACTIVE,11,08:00:00,22:00:00,Meeting,,,,,
03abfc52-c107-417a-af67-24e797c27e0c,MR-034,Meeting Room 34,MEETING_ROOM,MEETING_ROOM,ACTIVE,12,08:00:00,22:00:00,Meeting,,,,,
634b7317-b7ba-47d2-937f-57920fa00941,MR-035,Meeting Room 35,MEETING_ROOM,MEETING_ROOM,OUT_OF_SERVICE,13,08:00:00,22:00:00,Meeting,,,,,
27cee41f-3a4a-404b-8abe-59e0b9e89261,MR-036,Meeting Room 36,MEETING_ROOM,MEETING_ROOM,ACTIVE,14,08:00:00,22:00:00,Meeting,,,,,
66813c64-85e2-4af9-ae7d-92b5e7f75994,MR-037,Meeting Room 37,MEETING_ROOM,MEETING_ROOM,ACTIVE,15,08:00:00,22:00:00,Meeting,,,,,
4e7a0613-e60e-4dcc-9c9e-0bab6c7a9b6c,MR-038,Meeting Room 38,MEETING_ROOM,MEETING_ROOM,ACTIVE,16,08:00:00,22:00:00,Meeting,,,,,
e3f6aab1-6011-4adc-bdce-4745b7fad556,MR-039,Meeting Room 39,MEETING_ROOM,MEETING_ROOM,ACTIVE,17,08:00:00,22:00:00,Meeting,,,,,
7416eca8-004e-40b0-a186-3f2e48583afd,MR-040,Meeting Room 40,MEETING_ROOM,MEETING_ROOM,ACTIVE,18,08:00:00,22:00:00,Meeting,,,,,
da073f8f-c773-49c4-aa2d-d026be65e224,MR-041,Meeting Room 41,MEETING_ROOM,MEETING_ROOM,ACTIVE,19,08:00:00,22:00:00,Meeting,,,,,
ae84c61b-acde-449d-ab91-f233eb135c3f,MR-042,Meeting Room 42,MEETING_ROOM,MEETING_ROOM,ACTIVE,20,08:00:00,22:00:00,Meeting,,,,,
50cd78c6-d622-473d-aeb5-f5d7e0f2e52a,MR-043,Meeting Room 43,MEETING_ROOM,MEETING_ROOM,ACTIVE,21,08:00:00,22:00:00,Meeting,,,,,
90bf4ad2-8c0a-409f-99e1-5f5e61ebab54,MR-044,Meeting Room 44,MEETING_ROOM,MEETING_ROOM,ACTIVE,22,08:00:00,22:00:00,Meeting,,,,,
d4beea5a-dd6e-4f2d-afda-adb52d99a523,MR-045,Meeting Room 45,MEETING_ROOM,MEETING_ROOM,ACTIVE,8,08:00:00,22:00:00,Meeting,,,,,
506b93dc-f324-42e5-a075-78c4e595370a,MR-046,Meeting Room 46,MEETING_ROOM,MEETING_ROOM,ACTIVE,9,08:00:00,22:00:00,Meeting,,,,,
27649036-9f93-4853-b539-8ae631df6f7f,MR-047,Meeting Room 47,MEETING_ROOM,MEETING_ROOM,ACTIVE,10,08:00:00,22:00:00,Meeting,,,,,
cd99390c-6e52-402c-bdee-464df4b01e73,MR-048,Meeting Room 48,MEETING_ROOM,MEETING_ROOM,ACTIVE,11,08:00:00,22:00:00,Meeting,,,,,
6ecc2720-6cb4-4602-86cc-7f6e099502c0,MR-049,Meeting Room 49,MEETING_ROOM,MEETING_ROOM,ACTIVE,12,08:00:00,22:00:00,Meeting,,,,,
268d23f8-2943-496d-ab6f-f3f764f69a68,MR-050,Meeting Room 50,MEETING_ROOM,MEETING_ROOM,ACTIVE,13,08:00:00,22:00:00,Meeting,,,,,
ced2584b-b085-41c0-a707-0b6a6475042c,MR-051,Meeting Room 51,MEETING_ROOM,MEETING_ROOM,ACTIVE,14,08:00:00,22:00:00,Meeting,,,,,
5eabbae5-ca9c-4ead-aa76-aabc9a407804,MR-052,Meeting Room 52,MEETING_ROOM,MEETING_ROOM,ACTIVE,15,08:00:00,22:00:00,Meeting,,,,,
26611d25-de52-4b8b-9662-d022aaa828e3,MR-053,Meeting Room 53,MEETING_ROOM,MEETING_ROOM,ACTIVE,16,08:00:00,22:00:00,Meeting,,,,,
f0b215df-6aee-4e8e-86ee-613d7b34f234,MR-054,Meeting Room 54,MEETING_ROOM,MEETING_ROOM,ACTIVE,17,08:00:00,22:00:00,Meeting,,,,,
b3cde2fa-f164-40b0-988a-431c59e5aa7d,MR-055,Meeting Room 55,MEETING_ROOM,MEETING_ROOM,ACTIVE,18,08:00:00,22:00:00,Meeting,,,,,
e4481cb6-6cc1-4ccf-8ac4-d3bbbe64fafb,MR-056,Meeting Room 56,MEETING_ROOM,MEETING_ROOM,ACTIVE,19,08:00:00,22:00:00,Meeting,,,,,
89548922-4ce0-4989-a610-caf94be7b5da,MR-057,Meeting Room 57,MEETING_ROOM,MEETING_ROOM,ACTIVE,20,08:00:00,22:00:00,Meeting,,,,,
8c995cd8-2c5d-43ea-bc51-338a767a2cf5,MR-058,Meeting Room 58,MEETING_ROOM,MEETING_ROOM,ACTIVE,21,08:00:00,22:00:00,Meeting,,,,,
46703fe2-eaf1-40fd-b574-88d7412b35e6,MR-059,Meeting Room 59,MEETING_ROOM,MEETING_ROOM,ACTIVE,22,08:00:00,22:00:00,Meeting,,,,,
87279311-6bb7-4538-bee7-054aa3bf9d54,MR-060,Meeting Room 60,MEETING_ROOM,MEETING_ROOM,ACTIVE,8,08:00:00,22:00:00,Meeting,,,,,
94dc4182-84b9-4b5c-b362-c9337f7ece6b,MR-061,Meeting Room 61,MEETING_ROOM,MEETING_ROOM,ACTIVE,9,08:00:00,22:00:00,Meeting,,,,,
f1477a77-8a4c-4037-9d88-42c3d6f85295,MR-062,Meeting Room 62,MEETING_ROOM,MEETING_ROOM,ACTIVE,10,08:00:00,22:00:00,Meeting,,,,,
b89e88e2-62df-4961-9e47-41548aef4a8a,MR-063,Meeting Room 63,MEETING_ROOM,MEETING_ROOM,ACTIVE,11,08:00:00,22:00:00,Meeting,,,,,
a0fe02b1-6c06-406c-90fe-885b07b51d96,MR-064,Meeting Room 64,MEETING_ROOM,MEETING_ROOM,ACTIVE,12,08:00:00,22:00:00,Meeting,,,,,
b096dd4a-cf43-46ca-97b6-8f1215b7dda6,MR-065,Meeting Room 65,MEETING_ROOM,MEETING_ROOM,ACTIVE,13,08:00:00,22:00:00,Meeting,,,,,
d22c6e10-fc46-4321-9177-7b0f790e7acb,MR-066,Meeting Room 66,MEETING_ROOM,MEETING_ROOM,ACTIVE,14,08:00:00,22:00:00,Meeting,,,,,
d144eced-0aa5-424f-bded-36b4470782df,MR-067,Meeting Room 67,MEETING_ROOM,MEETING_ROOM,ACTIVE,15,08:00:00,22:00:00,Meeting,,,,,
14d93840-1d5c-438c-86e4-f61b72b9eaf9,MR-068,Meeting Room 68,MEETING_ROOM,MEETING_ROOM,ACTIVE,16,08:00:00,22:00:00,Meeting,,,,,
66c55b0f-6bb9-45df-a9e8-98e95556994a,MR-069,Meeting Room 69,MEETING_ROOM,MEETING_ROOM,ACTIVE,17,08:00:00,22:00:00,Meeting,,,,,
b8092770-20f1-4207-97a1-a52430bdea1b,MR-070,Meeting Room 70,MEETING_ROOM,MEETING_ROOM,OUT_OF_SERVICE,18,08:00:00,22:00:00,Meeting,,,,,
bbbbbbbb-bbbb-bbbb-bbbb-bbbbbbbbbbb4,MR-E101,Committee Meeting Room E101,LECTURE_HALL,LECTURE_HALL,ACTIVE,15,08:00:00,17:30:00,N/A,,,t,f,t
aaaaaaaa-aaaa-aaaa-aaaa-aaaaaaaaaaa4,SP-IND-01,Indoor Sports Court,SPORTS_FACILITY,SPORTS_FACILITY,ACTIVE,60,06:00:00,21:00:00,N/A,,,,,f
1a8f7e97-0c81-41ed-bd7d-e650f7fdbbcd,SPORT-01,Sports Facility 1,SPORTS_FACILITY,SPORTS_FACILITY,ACTIVE,100,06:00:00,21:00:00,Athletic,,,,,
aa7fac02-fb46-4560-9f7a-ce87b799ee15,SPORT-02,Sports Facility 2,SPORTS_FACILITY,SPORTS_FACILITY,ACTIVE,200,06:00:00,21:00:00,Athletic,,,,,
7825438e-0dca-437b-a51b-8bbdf7b1d8fa,SPORT-03,Sports Facility 3,SPORTS_FACILITY,SPORTS_FACILITY,ACTIVE,500,06:00:00,21:00:00,Athletic,,,,,
213e23d8-60f6-4bfa-b141-75033ab2a1b5,SPORT-04,Sports Facility 4,SPORTS_FACILITY,SPORTS_FACILITY,ACTIVE,1000,06:00:00,21:00:00,Athletic,,,,,
78b7e015-f8f4-4805-8a1e-60f081f538b3,SPORT-05,Sports Facility 5,SPORTS_FACILITY,SPORTS_FACILITY,ACTIVE,50,06:00:00,21:00:00,Athletic,,,,,
7a4147b2-9717-40db-909f-868e039db731,SPORT-06,Sports Facility 6,SPORTS_FACILITY,SPORTS_FACILITY,ACTIVE,100,06:00:00,21:00:00,Athletic,,,,,
011ba249-4e98-4668-a003-0db56e678da9,SPORT-07,Sports Facility 7,SPORTS_FACILITY,SPORTS_FACILITY,ACTIVE,200,06:00:00,21:00:00,Athletic,,,,,
8ad4abf4-f215-4a6d-9e85-0fd68d271dc7,SPORT-08,Sports Facility 8,SPORTS_FACILITY,SPORTS_FACILITY,ACTIVE,500,06:00:00,21:00:00,Athletic,,,,,
53a83034-13e7-413a-8040-eb4f5ee0c214,SPORT-09,Sports Facility 9,SPORTS_FACILITY,SPORTS_FACILITY,ACTIVE,1000,06:00:00,21:00:00,Athletic,,,,,
f449f611-4bad-4665-a60c-df9e9feb6393,SPORT-10,Sports Facility 10,SPORTS_FACILITY,SPORTS_FACILITY,ACTIVE,50,06:00:00,21:00:00,Athletic,,,,,
da1fec2f-b95a-4bdd-96c9-46914d9727ab,SPORT-11,Sports Facility 11,SPORTS_FACILITY,SPORTS_FACILITY,ACTIVE,100,06:00:00,21:00:00,Athletic,,,,,
ab7bc802-5cc1-4a1c-8ae8-6903f339897f,SPORT-12,Sports Facility 12,SPORTS_FACILITY,SPORTS_FACILITY,ACTIVE,200,06:00:00,21:00:00,Athletic,,,,,
23477715-3360-4b31-8d65-869440cee18b,SPORT-13,Sports Facility 13,SPORTS_FACILITY,SPORTS_FACILITY,ACTIVE,500,06:00:00,21:00:00,Athletic,,,,,
5a04ba63-5743-4441-8e7d-9b5009e1e26d,SPORT-14,Sports Facility 14,SPORTS_FACILITY,SPORTS_FACILITY,ACTIVE,1000,06:00:00,21:00:00,Athletic,,,,,
c3039ad1-7c0e-4b05-8c71-e4a1f5d385ea,SPORT-15,Sports Facility 15,SPORTS_FACILITY,SPORTS_FACILITY,ACTIVE,50,06:00:00,21:00:00,Athletic,,,,,
487cb560-bcd2-47de-b3ef-9700f3866555,SPORT-16,Sports Facility 16,SPORTS_FACILITY,SPORTS_FACILITY,ACTIVE,100,06:00:00,21:00:00,Athletic,,,,,
869328df-9b06-40dd-8825-69fb48643008,SPORT-17,Sports Facility 17,SPORTS_FACILITY,SPORTS_FACILITY,ACTIVE,200,06:00:00,21:00:00,Athletic,,,,,
92993491-1c14-4fab-99fb-fd38cef4a82f,SPORT-18,Sports Facility 18,SPORTS_FACILITY,SPORTS_FACILITY,ACTIVE,500,06:00:00,21:00:00,Athletic,,,,,
45ef2ff5-fb45-45ac-a5b0-c3ca27a14baa,SPORT-19,Sports Facility 19,SPORTS_FACILITY,SPORTS_FACILITY,ACTIVE,1000,06:00:00,21:00:00,Athletic,,,,,
768c41b9-fc76-4804-853d-9e8b579bbcfe,SPORT-20,Sports Facility 20,SPORTS_FACILITY,SPORTS_FACILITY,OUT_OF_SERVICE,50,06:00:00,21:00:00,Athletic,,,,,
eed6232e-486a-4584-bd7d-3f89fa8ebee0,SPORT-21,Sports Facility 21,SPORTS_FACILITY,SPORTS_FACILITY,ACTIVE,100,06:00:00,21:00:00,Athletic,,,,,
b52fca74-d974-4e52-936d-bac7c04af8cc,SPORT-22,Sports Facility 22,SPORTS_FACILITY,SPORTS_FACILITY,ACTIVE,200,06:00:00,21:00:00,Athletic,,,,,
cc82f593-8f12-4ea2-b975-bc827efc18c8,SPORT-23,Sports Facility 23,SPORTS_FACILITY,SPORTS_FACILITY,ACTIVE,500,06:00:00,21:00:00,Athletic,,,,,
42aa230b-5cdf-40c4-9cef-7c4a413aa433,SPORT-24,Sports Facility 24,SPORTS_FACILITY,SPORTS_FACILITY,ACTIVE,1000,06:00:00,21:00:00,Athletic,,,,,
3b4cb757-5fe5-4bbb-ba9f-a620e3189a06,SPORT-25,Sports Facility 25,SPORTS_FACILITY,SPORTS_FACILITY,ACTIVE,50,06:00:00,21:00:00,Athletic,,,,,
9b91e5a7-066e-4c82-8320-784a1954e349,SPORT-26,Sports Facility 26,SPORTS_FACILITY,SPORTS_FACILITY,ACTIVE,100,06:00:00,21:00:00,Athletic,,,,,
9cc46c29-c04d-4c86-acb6-291a34333122,SPORT-27,Sports Facility 27,SPORTS_FACILITY,SPORTS_FACILITY,ACTIVE,200,06:00:00,21:00:00,Athletic,,,,,
3bd5c703-d9d7-4502-a460-339b3aee02f9,SPORT-28,Sports Facility 28,SPORTS_FACILITY,SPORTS_FACILITY,ACTIVE,500,06:00:00,21:00:00,Athletic,,,,,
52294dc7-65f5-40c5-9481-0922847e9209,SPORT-29,Sports Facility 29,SPORTS_FACILITY,SPORTS_FACILITY,ACTIVE,1000,06:00:00,21:00:00,Athletic,,,,,
3ee6e271-bd91-4a1f-bd0b-2529ab04f552,SPORT-30,Sports Facility 30,SPORTS_FACILITY,SPORTS_FACILITY,ACTIVE,50,06:00:00,21:00:00,Athletic,,,,,
bbbbbbbb-bbbb-bbbb-bbbb-bbbbbbbbbbb1,SR-B205,Seminar Room B205,LECTURE_HALL,LECTURE_HALL,ACTIVE,25,08:00:00,22:00:00,N/A,,,t,f,t
